"Tau","name"
12.7178779472936,"Cond1"
23.8204026709442,"Cond2"
24.1371227427079,"Cond3"
1.02829586988064,"Cond4"
2.03451951481626,"Cond5"
4.8698131237092,"Cond6"
