"Tau","name"
0.500800133024825,"Cond1"
8.8844574017712,"Cond2"
0.443070889816442,"Cond3"
