"Tau","name"
9.44316193223589,"Cond1"
8.96174094047233,"Cond2"
