"Tau","name"
0.500800133024825,"Cond1"
12.7178779472936,"Cond2"
1.02829586988064,"Cond3"
