"Tau","name"
9.16734430394907,"Cond1"
8.99759947336971,"Cond2"
