"Treatment","MEANFracAboveThreeshold","SD"
"AfterNoco",5.16748792557795,0.701241906625395
"BeforeNoco",10.9384575981435,1.73607868612117
