"Treatment","MEANFracAboveThreeshold","SD"
"AfterLatB",5.12397932889306,1.10913217338568
"BeforeLatB",4.74478523012396,0.521039484755822
