"Halftime","name"
2.6363455144246,"Cond1"
26.7294652974945,"Cond2"
