"Tau","name"
3.80344259973024,"Cond1"
38.562467030309,"Cond2"
